"HITId","HITTypeId","Title","Description","Keywords","Reward","CreationTime","MaxAssignments","RequesterAnnotation","AssignmentDurationInSeconds","AutoApprovalDelayInSeconds","Expiration","NumberOfSimilarHITs","LifetimeInSeconds","AssignmentId","WorkerId","AssignmentStatus","AcceptTime","SubmitTime","AutoApprovalTime","ApprovalTime","RejectionTime","RequesterFeedback","WorkTimeInSeconds","LifetimeApprovalRate","Last30DaysApprovalRate","Last7DaysApprovalRate","Answer.surveycode","Approve","Reject"
"3OREP8RUT2C4Q3BRJ384ILOY34YGBE","3QO1BWENXSNLIVX61DBXLMX6E9J5ZA","Rate 3 short TED Videos","Give us your opinion about the quality about three short TED videos","survey, video rating","$5.00","Sat Aug 15 19:51:49 PDT 2015","60","BatchId:2058477;","3600","345600","Tue Aug 18 19:51:49 PDT 2015","","","30H4UDGLT2J88R6H3DT2FU842LYPM0","A2YDKZI930GXVP","Submitted","Sat Aug 15 20:05:15 PDT 2015","Sat Aug 15 20:15:33 PDT 2015","Wed Aug 19 20:15:33 PDT 2015","","","","618","0% (0/0)","0% (0/0)","0% (0/0)","69f41093-0056-4fdc-a9cd-eba70d7f00ab"
"3OREP8RUT2C4Q3BRJ384ILOY34YGBE","3QO1BWENXSNLIVX61DBXLMX6E9J5ZA","Rate 3 short TED Videos","Give us your opinion about the quality about three short TED videos","survey, video rating","$5.00","Sat Aug 15 19:51:49 PDT 2015","60","BatchId:2058477;","3600","345600","Tue Aug 18 19:51:49 PDT 2015","","","31HQ4X3T3SBLF14OVIWHAMYQP0FSLH","A2EEO1Z7SRAUMQ","Submitted","Sat Aug 15 20:17:15 PDT 2015","Sat Aug 15 21:05:06 PDT 2015","Wed Aug 19 21:05:06 PDT 2015","","","","2871","0% (0/0)","0% (0/0)","0% (0/0)","7bf090b8-8206-4035-b263-d996c449aaf6"
"3OREP8RUT2C4Q3BRJ384ILOY34YGBE","3QO1BWENXSNLIVX61DBXLMX6E9J5ZA","Rate 3 short TED Videos","Give us your opinion about the quality about three short TED videos","survey, video rating","$5.00","Sat Aug 15 19:51:49 PDT 2015","60","BatchId:2058477;","3600","345600","Tue Aug 18 19:51:49 PDT 2015","","","31LM9EDVOLTI4YOJK13IVDBSYC2NJY","A3B58QWMTBXVE0","Submitted","Sat Aug 15 20:31:27 PDT 2015","Sat Aug 15 20:43:21 PDT 2015","Wed Aug 19 20:43:21 PDT 2015","","","","714","0% (0/0)","0% (0/0)","0% (0/0)","f9716eea-fbd1-4287-9017-541a3e0f60ef"
"3OREP8RUT2C4Q3BRJ384ILOY34YGBE","3QO1BWENXSNLIVX61DBXLMX6E9J5ZA","Rate 3 short TED Videos","Give us your opinion about the quality about three short TED videos","survey, video rating","$5.00","Sat Aug 15 19:51:49 PDT 2015","60","BatchId:2058477;","3600","345600","Tue Aug 18 19:51:49 PDT 2015","","","320DUZ38G7NCU67XXXQN5T2VX0HJGN","A1IBMAA9GE3CJF","Submitted","Sat Aug 15 20:27:19 PDT 2015","Sat Aug 15 20:40:31 PDT 2015","Wed Aug 19 20:40:31 PDT 2015","","","","792","0% (0/0)","0% (0/0)","0% (0/0)","bad16bc7-3dbf-4d91-89ba-30fb03a5e9b7"
"3OREP8RUT2C4Q3BRJ384ILOY34YGBE","3QO1BWENXSNLIVX61DBXLMX6E9J5ZA","Rate 3 short TED Videos","Give us your opinion about the quality about three short TED videos","survey, video rating","$5.00","Sat Aug 15 19:51:49 PDT 2015","60","BatchId:2058477;","3600","345600","Tue Aug 18 19:51:49 PDT 2015","","","326O153BMIZ176BEH6EO2SM6F05EDN","AR95C0P53AFWJ","Submitted","Sat Aug 15 20:33:08 PDT 2015","Sat Aug 15 20:42:56 PDT 2015","Wed Aug 19 20:42:56 PDT 2015","","","","588","0% (0/0)","0% (0/0)","0% (0/0)","3e0d61b6-13b1-4f8e-abba-57e03ca19097"
"3OREP8RUT2C4Q3BRJ384ILOY34YGBE","3QO1BWENXSNLIVX61DBXLMX6E9J5ZA","Rate 3 short TED Videos","Give us your opinion about the quality about three short TED videos","survey, video rating","$5.00","Sat Aug 15 19:51:49 PDT 2015","60","BatchId:2058477;","3600","345600","Tue Aug 18 19:51:49 PDT 2015","","","338JKRMM260FT9Z4NXVSXUBDMDZHA3","A3TBA7X9EF16W6","Submitted","Sat Aug 15 19:59:46 PDT 2015","Sat Aug 15 20:12:18 PDT 2015","Wed Aug 19 20:12:18 PDT 2015","","","","752","0% (0/0)","0% (0/0)","0% (0/0)","a5eaaa33-050a-4633-bb28-c6c5284cc684"
"3OREP8RUT2C4Q3BRJ384ILOY34YGBE","3QO1BWENXSNLIVX61DBXLMX6E9J5ZA","Rate 3 short TED Videos","Give us your opinion about the quality about three short TED videos","survey, video rating","$5.00","Sat Aug 15 19:51:49 PDT 2015","60","BatchId:2058477;","3600","345600","Tue Aug 18 19:51:49 PDT 2015","","","339ANSOTR53L1HJA56Q2RKFOR28IKC","A384DW1A7HI9Z7","Submitted","Sat Aug 15 20:28:11 PDT 2015","Sat Aug 15 20:37:53 PDT 2015","Wed Aug 19 20:37:53 PDT 2015","","","","582","0% (0/0)","0% (0/0)","0% (0/0)","1972f365-f67a-4c0a-b15d-0517224f99af"
"3OREP8RUT2C4Q3BRJ384ILOY34YGBE","3QO1BWENXSNLIVX61DBXLMX6E9J5ZA","Rate 3 short TED Videos","Give us your opinion about the quality about three short TED videos","survey, video rating","$5.00","Sat Aug 15 19:51:49 PDT 2015","60","BatchId:2058477;","3600","345600","Tue Aug 18 19:51:49 PDT 2015","","","33FBRBDW6O0ATDV947XDQC82JXUC8L","A2FBT0BSFOV91D","Submitted","Sat Aug 15 21:00:14 PDT 2015","Sat Aug 15 21:16:26 PDT 2015","Wed Aug 19 21:16:26 PDT 2015","","","","972","0% (0/0)","0% (0/0)","0% (0/0)","b12895a8-138d-4f7f-8c9a-ffe8923ce1da"
"3OREP8RUT2C4Q3BRJ384ILOY34YGBE","3QO1BWENXSNLIVX61DBXLMX6E9J5ZA","Rate 3 short TED Videos","Give us your opinion about the quality about three short TED videos","survey, video rating","$5.00","Sat Aug 15 19:51:49 PDT 2015","60","BatchId:2058477;","3600","345600","Tue Aug 18 19:51:49 PDT 2015","","","33JKGHPFYCV856U4NYGAB53926XMN1","A1IU5OP7BBZHZ7","Submitted","Sat Aug 15 20:03:02 PDT 2015","Sat Aug 15 20:15:19 PDT 2015","Wed Aug 19 20:15:19 PDT 2015","","","","737","0% (0/0)","0% (0/0)","0% (0/0)","43ab36f3-0c0f-4afa-b1b7-da70b25c1dc2"
"3OREP8RUT2C4Q3BRJ384ILOY34YGBE","3QO1BWENXSNLIVX61DBXLMX6E9J5ZA","Rate 3 short TED Videos","Give us your opinion about the quality about three short TED videos","survey, video rating","$5.00","Sat Aug 15 19:51:49 PDT 2015","60","BatchId:2058477;","3600","345600","Tue Aug 18 19:51:49 PDT 2015","","","33LK57MYLT65KQLSAJNQI19O49NZS7","A2V3GBDTA9KEU0","Submitted","Sat Aug 15 19:59:30 PDT 2015","Sat Aug 15 20:14:12 PDT 2015","Wed Aug 19 20:14:12 PDT 2015","","","","882","0% (0/0)","0% (0/0)","0% (0/0)","4b6bfb8e-8182-47b2-a075-a01552aa5cfc"
"3OREP8RUT2C4Q3BRJ384ILOY34YGBE","3QO1BWENXSNLIVX61DBXLMX6E9J5ZA","Rate 3 short TED Videos","Give us your opinion about the quality about three short TED videos","survey, video rating","$5.00","Sat Aug 15 19:51:49 PDT 2015","60","BatchId:2058477;","3600","345600","Tue Aug 18 19:51:49 PDT 2015","","","36W0OB37HWFGUH7CZPBREN2MVY6HZ4","AA8NOYG0AXRJO","Submitted","Sat Aug 15 20:16:46 PDT 2015","Sat Aug 15 20:32:54 PDT 2015","Wed Aug 19 20:32:54 PDT 2015","","","","968","0% (0/0)","0% (0/0)","0% (0/0)","14a1bd2d-d52b-4a6c-b6b4-08534e26c69a"
"3OREP8RUT2C4Q3BRJ384ILOY34YGBE","3QO1BWENXSNLIVX61DBXLMX6E9J5ZA","Rate 3 short TED Videos","Give us your opinion about the quality about three short TED videos","survey, video rating","$5.00","Sat Aug 15 19:51:49 PDT 2015","60","BatchId:2058477;","3600","345600","Tue Aug 18 19:51:49 PDT 2015","","","39LOEL67OS6MGDZQBEMCX948DKI83K","A341LHR7178BUY","Submitted","Sat Aug 15 19:59:36 PDT 2015","Sat Aug 15 20:14:27 PDT 2015","Wed Aug 19 20:14:27 PDT 2015","","","","891","0% (0/0)","0% (0/0)","0% (0/0)","72dc9aa0-77b7-4a2a-a932-f15d8c86eae9"
"3OREP8RUT2C4Q3BRJ384ILOY34YGBE","3QO1BWENXSNLIVX61DBXLMX6E9J5ZA","Rate 3 short TED Videos","Give us your opinion about the quality about three short TED videos","survey, video rating","$5.00","Sat Aug 15 19:51:49 PDT 2015","60","BatchId:2058477;","3600","345600","Tue Aug 18 19:51:49 PDT 2015","","","39N5ACM9HEOT17NNE4PXA82K2MR9PL","A1HDZE291YUBO5","Submitted","Sat Aug 15 20:05:56 PDT 2015","Sat Aug 15 20:15:37 PDT 2015","Wed Aug 19 20:15:37 PDT 2015","","","","581","0% (0/0)","0% (0/0)","0% (0/0)","726ccc15-52fa-4f71-9c73-f168b758971b"
"3OREP8RUT2C4Q3BRJ384ILOY34YGBE","3QO1BWENXSNLIVX61DBXLMX6E9J5ZA","Rate 3 short TED Videos","Give us your opinion about the quality about three short TED videos","survey, video rating","$5.00","Sat Aug 15 19:51:49 PDT 2015","60","BatchId:2058477;","3600","345600","Tue Aug 18 19:51:49 PDT 2015","","","39O5D9O87TTOSGP3SQ2HZV0R3B3C3U","A1SSBN3C7NEPEO","Submitted","Sat Aug 15 20:31:37 PDT 2015","Sat Aug 15 20:40:58 PDT 2015","Wed Aug 19 20:40:58 PDT 2015","","","","561","0% (0/0)","0% (0/0)","0% (0/0)","fa25a9fa-d6c7-465a-80a4-ffa36d80bb0a"
"3OREP8RUT2C4Q3BRJ384ILOY34YGBE","3QO1BWENXSNLIVX61DBXLMX6E9J5ZA","Rate 3 short TED Videos","Give us your opinion about the quality about three short TED videos","survey, video rating","$5.00","Sat Aug 15 19:51:49 PDT 2015","60","BatchId:2058477;","3600","345600","Tue Aug 18 19:51:49 PDT 2015","","","3A0EX8ZRN8P6YEUL3BZCE5QMURXBYR","A1FP3SH704X01V","Submitted","Sat Aug 15 19:52:59 PDT 2015","Sat Aug 15 20:03:34 PDT 2015","Wed Aug 19 20:03:34 PDT 2015","","","","635","0% (0/0)","0% (0/0)","0% (0/0)","98651932-a249-4e3f-b1cd-458153f7d788"
"3OREP8RUT2C4Q3BRJ384ILOY34YGBE","3QO1BWENXSNLIVX61DBXLMX6E9J5ZA","Rate 3 short TED Videos","Give us your opinion about the quality about three short TED videos","survey, video rating","$5.00","Sat Aug 15 19:51:49 PDT 2015","60","BatchId:2058477;","3600","345600","Tue Aug 18 19:51:49 PDT 2015","","","3AAJC4I4FGTCLN22NPECQ0I18QAJZB","A3SWVCOJPJM7KQ","Submitted","Sat Aug 15 19:53:07 PDT 2015","Sat Aug 15 20:11:15 PDT 2015","Wed Aug 19 20:11:15 PDT 2015","","","","1088","0% (0/0)","0% (0/0)","0% (0/0)","4cc2584c-d360-4f87-98e2-58c73efc3efa"
"3OREP8RUT2C4Q3BRJ384ILOY34YGBE","3QO1BWENXSNLIVX61DBXLMX6E9J5ZA","Rate 3 short TED Videos","Give us your opinion about the quality about three short TED videos","survey, video rating","$5.00","Sat Aug 15 19:51:49 PDT 2015","60","BatchId:2058477;","3600","345600","Tue Aug 18 19:51:49 PDT 2015","","","3AQF3RZ558JUSBWV2UQGE4XEAFX6F5","A3760PCQD2MPIO","Submitted","Sat Aug 15 20:28:11 PDT 2015","Sat Aug 15 20:39:11 PDT 2015","Wed Aug 19 20:39:11 PDT 2015","","","","660","0% (0/0)","0% (0/0)","0% (0/0)","4e257bf7-81da-44dc-a3e7-1adddc533a29"
"3OREP8RUT2C4Q3BRJ384ILOY34YGBE","3QO1BWENXSNLIVX61DBXLMX6E9J5ZA","Rate 3 short TED Videos","Give us your opinion about the quality about three short TED videos","survey, video rating","$5.00","Sat Aug 15 19:51:49 PDT 2015","60","BatchId:2058477;","3600","345600","Tue Aug 18 19:51:49 PDT 2015","","","3ATPCQ38J8B1F4PTXXZGJU6GC9DAYW","A14PFRHG0A2YY9","Submitted","Sat Aug 15 20:05:53 PDT 2015","Sat Aug 15 20:19:52 PDT 2015","Wed Aug 19 20:19:52 PDT 2015","","","","839","0% (0/0)","0% (0/0)","0% (0/0)","43faf5a3-aa87-494f-8310-4e7315eabe61"
"3OREP8RUT2C4Q3BRJ384ILOY34YGBE","3QO1BWENXSNLIVX61DBXLMX6E9J5ZA","Rate 3 short TED Videos","Give us your opinion about the quality about three short TED videos","survey, video rating","$5.00","Sat Aug 15 19:51:49 PDT 2015","60","BatchId:2058477;","3600","345600","Tue Aug 18 19:51:49 PDT 2015","","","3AWETUDC92TGQCIW57TCEZ31VBLZIF","A12SMSQ6D5227J","Submitted","Sat Aug 15 19:52:53 PDT 2015","Sat Aug 15 20:04:03 PDT 2015","Wed Aug 19 20:04:03 PDT 2015","","","","670","0% (0/0)","0% (0/0)","0% (0/0)","70c034a0-daaa-4038-8dd5-997e0de04f29"
"3OREP8RUT2C4Q3BRJ384ILOY34YGBE","3QO1BWENXSNLIVX61DBXLMX6E9J5ZA","Rate 3 short TED Videos","Give us your opinion about the quality about three short TED videos","survey, video rating","$5.00","Sat Aug 15 19:51:49 PDT 2015","60","BatchId:2058477;","3600","345600","Tue Aug 18 19:51:49 PDT 2015","","","3B3WTRP3DB3X90MHC6ELEVURRC029S","A2A07J1P6YEW6Z","Submitted","Sat Aug 15 19:52:27 PDT 2015","Sat Aug 15 20:05:41 PDT 2015","Wed Aug 19 20:05:41 PDT 2015","","","","794","0% (0/0)","0% (0/0)","0% (0/0)","57034e61-5a6f-45a1-9ae8-d2250a804e33"
"3OREP8RUT2C4Q3BRJ384ILOY34YGBE","3QO1BWENXSNLIVX61DBXLMX6E9J5ZA","Rate 3 short TED Videos","Give us your opinion about the quality about three short TED videos","survey, video rating","$5.00","Sat Aug 15 19:51:49 PDT 2015","60","BatchId:2058477;","3600","345600","Tue Aug 18 19:51:49 PDT 2015","","","3B3WTRP3DB3X90MHC6ELEVURRCZ92Y","A38DC3BG1ZCVZ2","Submitted","Sat Aug 15 19:52:29 PDT 2015","Sat Aug 15 20:04:18 PDT 2015","Wed Aug 19 20:04:18 PDT 2015","","","","709","0% (0/0)","0% (0/0)","0% (0/0)","8fe682f6-3472-47dd-a115-f5bf3c776bf8"
"3OREP8RUT2C4Q3BRJ384ILOY34YGBE","3QO1BWENXSNLIVX61DBXLMX6E9J5ZA","Rate 3 short TED Videos","Give us your opinion about the quality about three short TED videos","survey, video rating","$5.00","Sat Aug 15 19:51:49 PDT 2015","60","BatchId:2058477;","3600","345600","Tue Aug 18 19:51:49 PDT 2015","","","3C8HJ7UOP7V2MV8NQMR46SAICK5ZMV","A9KPCMO1J1LQF","Submitted","Sat Aug 15 19:55:16 PDT 2015","Sat Aug 15 20:44:03 PDT 2015","Wed Aug 19 20:44:03 PDT 2015","","","","2927","0% (0/0)","0% (0/0)","0% (0/0)","6f2409a0-a95f-4a71-9e86-8e15b1af845d"
"3OREP8RUT2C4Q3BRJ384ILOY34YGBE","3QO1BWENXSNLIVX61DBXLMX6E9J5ZA","Rate 3 short TED Videos","Give us your opinion about the quality about three short TED videos","survey, video rating","$5.00","Sat Aug 15 19:51:49 PDT 2015","60","BatchId:2058477;","3600","345600","Tue Aug 18 19:51:49 PDT 2015","","","3COPXFW7XBDDI36EI1GM0HG0DG3PKV","A3NF9B2NLCLZWT","Submitted","Sat Aug 15 20:04:00 PDT 2015","Sat Aug 15 21:02:53 PDT 2015","Wed Aug 19 21:02:53 PDT 2015","","","","3533","0% (0/0)","0% (0/0)","0% (0/0)","042e58d9-80d4-4573-a60a-32895d5c961e"
"3OREP8RUT2C4Q3BRJ384ILOY34YGBE","3QO1BWENXSNLIVX61DBXLMX6E9J5ZA","Rate 3 short TED Videos","Give us your opinion about the quality about three short TED videos","survey, video rating","$5.00","Sat Aug 15 19:51:49 PDT 2015","60","BatchId:2058477;","3600","345600","Tue Aug 18 19:51:49 PDT 2015","","","3GA6AFUKOOPF9O0JEIGIAMX7G37H37","A3NSX46VYD9J49","Submitted","Sat Aug 15 19:54:18 PDT 2015","Sat Aug 15 20:08:50 PDT 2015","Wed Aug 19 20:08:50 PDT 2015","","","","872","0% (0/0)","0% (0/0)","0% (0/0)","d8acef3c-f8e2-450f-b885-8145c49c6b09"
"3OREP8RUT2C4Q3BRJ384ILOY34YGBE","3QO1BWENXSNLIVX61DBXLMX6E9J5ZA","Rate 3 short TED Videos","Give us your opinion about the quality about three short TED videos","survey, video rating","$5.00","Sat Aug 15 19:51:49 PDT 2015","60","BatchId:2058477;","3600","345600","Tue Aug 18 19:51:49 PDT 2015","","","3HFNH7HEMHFTGTBASNAW2UEHBV9GQB","A27BUT19WQ6P1O","Submitted","Sat Aug 15 20:20:16 PDT 2015","Sat Aug 15 20:33:35 PDT 2015","Wed Aug 19 20:33:35 PDT 2015","","","","799","0% (0/0)","0% (0/0)","0% (0/0)","40e6ba05-654b-402b-a880-6097ea8d6ff7"
"3OREP8RUT2C4Q3BRJ384ILOY34YGBE","3QO1BWENXSNLIVX61DBXLMX6E9J5ZA","Rate 3 short TED Videos","Give us your opinion about the quality about three short TED videos","survey, video rating","$5.00","Sat Aug 15 19:51:49 PDT 2015","60","BatchId:2058477;","3600","345600","Tue Aug 18 19:51:49 PDT 2015","","","3HL8HNGX452HAUYT01TSYEOG0G59FJ","A3KX8PBHVFQZ3U","Submitted","Sat Aug 15 20:33:09 PDT 2015","Sat Aug 15 20:43:11 PDT 2015","Wed Aug 19 20:43:11 PDT 2015","","","","602","0% (0/0)","0% (0/0)","0% (0/0)","0b4d3c61-96d2-4ff1-a6b4-4d0f07a18d3a"
"3OREP8RUT2C4Q3BRJ384ILOY34YGBE","3QO1BWENXSNLIVX61DBXLMX6E9J5ZA","Rate 3 short TED Videos","Give us your opinion about the quality about three short TED videos","survey, video rating","$5.00","Sat Aug 15 19:51:49 PDT 2015","60","BatchId:2058477;","3600","345600","Tue Aug 18 19:51:49 PDT 2015","","","3I2PTA7R3TVYIF7TIEVB0M6AICPKQH","A2SRSKSRN6NA3E","Submitted","Sat Aug 15 20:16:40 PDT 2015","Sat Aug 15 20:27:44 PDT 2015","Wed Aug 19 20:27:44 PDT 2015","","","","664","0% (0/0)","0% (0/0)","0% (0/0)","1523877b-e6e1-445c-b3e0-12dc4bf54d9e"
"3OREP8RUT2C4Q3BRJ384ILOY34YGBE","3QO1BWENXSNLIVX61DBXLMX6E9J5ZA","Rate 3 short TED Videos","Give us your opinion about the quality about three short TED videos","survey, video rating","$5.00","Sat Aug 15 19:51:49 PDT 2015","60","BatchId:2058477;","3600","345600","Tue Aug 18 19:51:49 PDT 2015","","","3J4Q2Z4UTY4PDF1A7SEEOX055JYWQP","A3N7R7P9HP2YB6","Submitted","Sat Aug 15 19:53:10 PDT 2015","Sat Aug 15 20:11:35 PDT 2015","Wed Aug 19 20:11:35 PDT 2015","","","","1105","0% (0/0)","0% (0/0)","0% (0/0)","89c2e578-d0f7-47a2-be2b-d914eaefb6e8"
"3OREP8RUT2C4Q3BRJ384ILOY34YGBE","3QO1BWENXSNLIVX61DBXLMX6E9J5ZA","Rate 3 short TED Videos","Give us your opinion about the quality about three short TED videos","survey, video rating","$5.00","Sat Aug 15 19:51:49 PDT 2015","60","BatchId:2058477;","3600","345600","Tue Aug 18 19:51:49 PDT 2015","","","3JCG6DTRV3RKTI5OVJF8W8IJHIHQQF","A2YYQJ3JWA2KGD","Submitted","Sat Aug 15 20:38:25 PDT 2015","Sat Aug 15 20:48:13 PDT 2015","Wed Aug 19 20:48:13 PDT 2015","","","","588","0% (0/0)","0% (0/0)","0% (0/0)","361cae09-bf09-4e3e-94e9-0bec0ed7fca1"
"3OREP8RUT2C4Q3BRJ384ILOY34YGBE","3QO1BWENXSNLIVX61DBXLMX6E9J5ZA","Rate 3 short TED Videos","Give us your opinion about the quality about three short TED videos","survey, video rating","$5.00","Sat Aug 15 19:51:49 PDT 2015","60","BatchId:2058477;","3600","345600","Tue Aug 18 19:51:49 PDT 2015","","","3KAKFY4PGU3F5JB3K0Y3AYYMGGMI31","A2Q009DS6B04P5","Submitted","Sat Aug 15 20:18:11 PDT 2015","Sat Aug 15 20:29:41 PDT 2015","Wed Aug 19 20:29:41 PDT 2015","","","","690","0% (0/0)","0% (0/0)","0% (0/0)","6d61b669-8797-4aff-8cd1-c0e02e4587d6"
"3OREP8RUT2C4Q3BRJ384ILOY34YGBE","3QO1BWENXSNLIVX61DBXLMX6E9J5ZA","Rate 3 short TED Videos","Give us your opinion about the quality about three short TED videos","survey, video rating","$5.00","Sat Aug 15 19:51:49 PDT 2015","60","BatchId:2058477;","3600","345600","Tue Aug 18 19:51:49 PDT 2015","","","3KJYX6QCM9CVC3XSMSP95U55KF4JVB","ARFV302JOUOF","Submitted","Sat Aug 15 19:52:22 PDT 2015","Sat Aug 15 20:08:16 PDT 2015","Wed Aug 19 20:08:16 PDT 2015","","","","954","0% (0/0)","0% (0/0)","0% (0/0)","19953285-6df2-4d70-925b-df7a2d260a2e"
"3OREP8RUT2C4Q3BRJ384ILOY34YGBE","3QO1BWENXSNLIVX61DBXLMX6E9J5ZA","Rate 3 short TED Videos","Give us your opinion about the quality about three short TED videos","survey, video rating","$5.00","Sat Aug 15 19:51:49 PDT 2015","60","BatchId:2058477;","3600","345600","Tue Aug 18 19:51:49 PDT 2015","","","3KKG4CDWKIZ7CE14GKX97ARPBQV94U","ASB8T0H7L99RF","Submitted","Sat Aug 15 19:52:35 PDT 2015","Sat Aug 15 20:18:39 PDT 2015","Wed Aug 19 20:18:39 PDT 2015","","","","1564","0% (0/0)","0% (0/0)","0% (0/0)","219a4758-fc84-4d47-b648-ab84ec2736bd"
"3OREP8RUT2C4Q3BRJ384ILOY34YGBE","3QO1BWENXSNLIVX61DBXLMX6E9J5ZA","Rate 3 short TED Videos","Give us your opinion about the quality about three short TED videos","survey, video rating","$5.00","Sat Aug 15 19:51:49 PDT 2015","60","BatchId:2058477;","3600","345600","Tue Aug 18 19:51:49 PDT 2015","","","3LOZAJ85YDENAW4FFMKZUYG9YFQX25","AVX3SWFMBEPMZ","Submitted","Sat Aug 15 20:03:12 PDT 2015","Sat Aug 15 20:23:31 PDT 2015","Wed Aug 19 20:23:31 PDT 2015","","","","1219","0% (0/0)","0% (0/0)","0% (0/0)","bc228f37-ddeb-4f64-b207-27eaab353b51"
"3OREP8RUT2C4Q3BRJ384ILOY34YGBE","3QO1BWENXSNLIVX61DBXLMX6E9J5ZA","Rate 3 short TED Videos","Give us your opinion about the quality about three short TED videos","survey, video rating","$5.00","Sat Aug 15 19:51:49 PDT 2015","60","BatchId:2058477;","3600","345600","Tue Aug 18 19:51:49 PDT 2015","","","3MH9DQ757WDL8MIR9WU1CVB6EGFGUG","AC5LU9TF9CTK9","Submitted","Sat Aug 15 20:23:45 PDT 2015","Sat Aug 15 20:35:28 PDT 2015","Wed Aug 19 20:35:28 PDT 2015","","","","703","0% (0/0)","0% (0/0)","0% (0/0)","4b25bcce-6e6e-45e8-8f25-c2e2d81f51d1"
"3OREP8RUT2C4Q3BRJ384ILOY34YGBE","3QO1BWENXSNLIVX61DBXLMX6E9J5ZA","Rate 3 short TED Videos","Give us your opinion about the quality about three short TED videos","survey, video rating","$5.00","Sat Aug 15 19:51:49 PDT 2015","60","BatchId:2058477;","3600","345600","Tue Aug 18 19:51:49 PDT 2015","","","3NKQQ8O39Y6IW28076TT6A891OYUDJ","A3J9EHZQ9PERAX","Submitted","Sat Aug 15 19:53:27 PDT 2015","Sat Aug 15 20:05:54 PDT 2015","Wed Aug 19 20:05:54 PDT 2015","","","","747","0% (0/0)","0% (0/0)","0% (0/0)","86706642-03bf-4c9f-8262-3dd9023d5d71"
"3OREP8RUT2C4Q3BRJ384ILOY34YGBE","3QO1BWENXSNLIVX61DBXLMX6E9J5ZA","Rate 3 short TED Videos","Give us your opinion about the quality about three short TED videos","survey, video rating","$5.00","Sat Aug 15 19:51:49 PDT 2015","60","BatchId:2058477;","3600","345600","Tue Aug 18 19:51:49 PDT 2015","","","3O6CYIULED2H588RO1YJYYXU844UWS","A3JFM7PRPF0G5H","Submitted","Sat Aug 15 20:04:39 PDT 2015","Sat Aug 15 20:15:04 PDT 2015","Wed Aug 19 20:15:04 PDT 2015","","","","625","0% (0/0)","0% (0/0)","0% (0/0)","0807a28b-20d9-4a33-a91e-dbf699329f2b"
"3OREP8RUT2C4Q3BRJ384ILOY34YGBE","3QO1BWENXSNLIVX61DBXLMX6E9J5ZA","Rate 3 short TED Videos","Give us your opinion about the quality about three short TED videos","survey, video rating","$5.00","Sat Aug 15 19:51:49 PDT 2015","60","BatchId:2058477;","3600","345600","Tue Aug 18 19:51:49 PDT 2015","","","3OE22WJIGIPCLBC5CSZD69F8K3NUQO","A2HM35CWB7IIFM","Submitted","Sat Aug 15 20:01:11 PDT 2015","Sat Aug 15 20:15:31 PDT 2015","Wed Aug 19 20:15:31 PDT 2015","","","","860","0% (0/0)","0% (0/0)","0% (0/0)","5163cbe7-a5d1-43f3-9034-b2ed3b57fa50"
"3OREP8RUT2C4Q3BRJ384ILOY34YGBE","3QO1BWENXSNLIVX61DBXLMX6E9J5ZA","Rate 3 short TED Videos","Give us your opinion about the quality about three short TED videos","survey, video rating","$5.00","Sat Aug 15 19:51:49 PDT 2015","60","BatchId:2058477;","3600","345600","Tue Aug 18 19:51:49 PDT 2015","","","3OHYZ19UGC6PLQLRRAQIH38EYZEAOL","ARX0S1CIDJLOX","Submitted","Sat Aug 15 20:00:58 PDT 2015","Sat Aug 15 20:13:25 PDT 2015","Wed Aug 19 20:13:25 PDT 2015","","","","747","0% (0/0)","0% (0/0)","0% (0/0)","5bb22943-da0f-4efd-850f-e281cbbb64cb"
"3OREP8RUT2C4Q3BRJ384ILOY34YGBE","3QO1BWENXSNLIVX61DBXLMX6E9J5ZA","Rate 3 short TED Videos","Give us your opinion about the quality about three short TED videos","survey, video rating","$5.00","Sat Aug 15 19:51:49 PDT 2015","60","BatchId:2058477;","3600","345600","Tue Aug 18 19:51:49 PDT 2015","","","3OONKJ5DKCKU40QJXOQECESKGHZBOH","A1EITLFAMKA61U","Submitted","Sat Aug 15 20:22:22 PDT 2015","Sat Aug 15 20:35:02 PDT 2015","Wed Aug 19 20:35:02 PDT 2015","","","","760","0% (0/0)","0% (0/0)","0% (0/0)","0078990f-8313-400e-a2e7-6e10547c1db9"
"3OREP8RUT2C4Q3BRJ384ILOY34YGBE","3QO1BWENXSNLIVX61DBXLMX6E9J5ZA","Rate 3 short TED Videos","Give us your opinion about the quality about three short TED videos","survey, video rating","$5.00","Sat Aug 15 19:51:49 PDT 2015","60","BatchId:2058477;","3600","345600","Tue Aug 18 19:51:49 PDT 2015","","","3PEIJLRY6TU9MC2MT696I5WY2MNWXO","AKLV0WIZZ356X","Submitted","Sat Aug 15 21:25:42 PDT 2015","Sat Aug 15 21:38:12 PDT 2015","Wed Aug 19 21:38:12 PDT 2015","","","","750","0% (0/0)","0% (0/0)","0% (0/0)","004b7a33-8b30-45bb-b6a3-e4a8720ecb58"
"3OREP8RUT2C4Q3BRJ384ILOY34YGBE","3QO1BWENXSNLIVX61DBXLMX6E9J5ZA","Rate 3 short TED Videos","Give us your opinion about the quality about three short TED videos","survey, video rating","$5.00","Sat Aug 15 19:51:49 PDT 2015","60","BatchId:2058477;","3600","345600","Tue Aug 18 19:51:49 PDT 2015","","","3PZDLQMM0TMZ7YTKOQOCGLVZXX2C2I","A1KFK92GEFQ9F5","Submitted","Sat Aug 15 19:57:46 PDT 2015","Sat Aug 15 20:09:28 PDT 2015","Wed Aug 19 20:09:28 PDT 2015","","","","702","0% (0/0)","0% (0/0)","0% (0/0)","20c54f31-995f-4e3b-a036-c8526f2f65c2"
"3OREP8RUT2C4Q3BRJ384ILOY34YGBE","3QO1BWENXSNLIVX61DBXLMX6E9J5ZA","Rate 3 short TED Videos","Give us your opinion about the quality about three short TED videos","survey, video rating","$5.00","Sat Aug 15 19:51:49 PDT 2015","60","BatchId:2058477;","3600","345600","Tue Aug 18 19:51:49 PDT 2015","","","3QBD8R3Z21KAJ15AI9GR40ME6PGO4M","A2S96ZZ70YFPSK","Submitted","Sat Aug 15 19:55:20 PDT 2015","Sat Aug 15 20:08:32 PDT 2015","Wed Aug 19 20:08:32 PDT 2015","","","","792","0% (0/0)","0% (0/0)","0% (0/0)","02f34e9a-6158-47da-9d9b-95438f2b8f79"
"3OREP8RUT2C4Q3BRJ384ILOY34YGBE","3QO1BWENXSNLIVX61DBXLMX6E9J5ZA","Rate 3 short TED Videos","Give us your opinion about the quality about three short TED videos","survey, video rating","$5.00","Sat Aug 15 19:51:49 PDT 2015","60","BatchId:2058477;","3600","345600","Tue Aug 18 19:51:49 PDT 2015","","","3R2PKQ87NW9GR5JDQI3I6X7SG73IMH","A2YAYHZYI7M3HD","Submitted","Sat Aug 15 20:29:19 PDT 2015","Sat Aug 15 21:04:03 PDT 2015","Wed Aug 19 21:04:03 PDT 2015","","","","2084","0% (0/0)","0% (0/0)","0% (0/0)","f2764d91-7fc9-4ff4-9330-dd1771c221b9"
"3OREP8RUT2C4Q3BRJ384ILOY34YGBE","3QO1BWENXSNLIVX61DBXLMX6E9J5ZA","Rate 3 short TED Videos","Give us your opinion about the quality about three short TED videos","survey, video rating","$5.00","Sat Aug 15 19:51:49 PDT 2015","60","BatchId:2058477;","3600","345600","Tue Aug 18 19:51:49 PDT 2015","","","3R3YRB5GRF4KYV5ONW2RG903GL1UAH","A3H2HWBP6C2FIV","Submitted","Sat Aug 15 19:52:31 PDT 2015","Sat Aug 15 20:04:41 PDT 2015","Wed Aug 19 20:04:41 PDT 2015","","","","730","0% (0/0)","0% (0/0)","0% (0/0)","3b2f243f-67d1-4727-b042-fcdf29008e2f"
"3OREP8RUT2C4Q3BRJ384ILOY34YGBE","3QO1BWENXSNLIVX61DBXLMX6E9J5ZA","Rate 3 short TED Videos","Give us your opinion about the quality about three short TED videos","survey, video rating","$5.00","Sat Aug 15 19:51:49 PDT 2015","60","BatchId:2058477;","3600","345600","Tue Aug 18 19:51:49 PDT 2015","","","3RWE2M8QWHBB2SNXYTTCD8WWZ3X0N5","AU5Y7J1PF0UIT","Submitted","Sat Aug 15 20:31:53 PDT 2015","Sat Aug 15 20:45:25 PDT 2015","Wed Aug 19 20:45:25 PDT 2015","","","","812","0% (0/0)","0% (0/0)","0% (0/0)","faadcff2-a27c-45b8-a28a-c1daa1d93ba3"
"3OREP8RUT2C4Q3BRJ384ILOY34YGBE","3QO1BWENXSNLIVX61DBXLMX6E9J5ZA","Rate 3 short TED Videos","Give us your opinion about the quality about three short TED videos","survey, video rating","$5.00","Sat Aug 15 19:51:49 PDT 2015","60","BatchId:2058477;","3600","345600","Tue Aug 18 19:51:49 PDT 2015","","","3TUI152ZZBOWCEL7A4PTV7AB96PQ1K","A6FQHZ58DQ0S6","Submitted","Sat Aug 15 20:16:47 PDT 2015","Sat Aug 15 20:33:11 PDT 2015","Wed Aug 19 20:33:11 PDT 2015","","","","984","0% (0/0)","0% (0/0)","0% (0/0)","9a33ace7-a96c-419e-8448-b574c12c5c5d"
"3OREP8RUT2C4Q3BRJ384ILOY34YGBE","3QO1BWENXSNLIVX61DBXLMX6E9J5ZA","Rate 3 short TED Videos","Give us your opinion about the quality about three short TED videos","survey, video rating","$5.00","Sat Aug 15 19:51:49 PDT 2015","60","BatchId:2058477;","3600","345600","Tue Aug 18 19:51:49 PDT 2015","","","3U84XHCDICEMI5JHKIR8KYTIQTJZ4Z","A1H162QMRV01SA","Submitted","Sat Aug 15 19:59:00 PDT 2015","Sat Aug 15 20:09:00 PDT 2015","Wed Aug 19 20:09:00 PDT 2015","","","","600","0% (0/0)","0% (0/0)","0% (0/0)","0a45e9de-1406-43a7-bc50-a7e23cf68d26"
"3OREP8RUT2C4Q3BRJ384ILOY34YGBE","3QO1BWENXSNLIVX61DBXLMX6E9J5ZA","Rate 3 short TED Videos","Give us your opinion about the quality about three short TED videos","survey, video rating","$5.00","Sat Aug 15 19:51:49 PDT 2015","60","BatchId:2058477;","3600","345600","Tue Aug 18 19:51:49 PDT 2015","","","3VW6495TLJ12BMNWD3DWMGONF0EYYS","ARLSOH5YMGJGN","Submitted","Sat Aug 15 19:53:57 PDT 2015","Sat Aug 15 20:09:50 PDT 2015","Wed Aug 19 20:09:50 PDT 2015","","","","953","0% (0/0)","0% (0/0)","0% (0/0)","eb6ae56d-4b01-4e04-bfac-da845d8f790f"
"3OREP8RUT2C4Q3BRJ384ILOY34YGBE","3QO1BWENXSNLIVX61DBXLMX6E9J5ZA","Rate 3 short TED Videos","Give us your opinion about the quality about three short TED videos","survey, video rating","$5.00","Sat Aug 15 19:51:49 PDT 2015","60","BatchId:2058477;","3600","345600","Tue Aug 18 19:51:49 PDT 2015","","","3WQQ9FUS6AVRJ833Q71IFS2K1CVB8E","AYEXVPS4R274L","Submitted","Sat Aug 15 20:11:39 PDT 2015","Sat Aug 15 20:23:08 PDT 2015","Wed Aug 19 20:23:08 PDT 2015","","","","689","0% (0/0)","0% (0/0)","0% (0/0)","436947fa-c63d-4548-abc0-efe130e3a4d5"
"3OREP8RUT2C4Q3BRJ384ILOY34YGBE","3QO1BWENXSNLIVX61DBXLMX6E9J5ZA","Rate 3 short TED Videos","Give us your opinion about the quality about three short TED videos","survey, video rating","$5.00","Sat Aug 15 19:51:49 PDT 2015","60","BatchId:2058477;","3600","345600","Tue Aug 18 19:51:49 PDT 2015","","","3X3OR7WPZZ13WHPFHKQCTVYPD68L8A","AHZPOM46IUJ2N","Submitted","Sat Aug 15 20:27:43 PDT 2015","Sat Aug 15 20:40:12 PDT 2015","Wed Aug 19 20:40:12 PDT 2015","","","","749","0% (0/0)","0% (0/0)","0% (0/0)","3e6f40ab-7a11-4db3-9d2f-b0808e66a839"
"3OREP8RUT2C4Q3BRJ384ILOY34YGBE","3QO1BWENXSNLIVX61DBXLMX6E9J5ZA","Rate 3 short TED Videos","Give us your opinion about the quality about three short TED videos","survey, video rating","$5.00","Sat Aug 15 19:51:49 PDT 2015","60","BatchId:2058477;","3600","345600","Tue Aug 18 19:51:49 PDT 2015","","","3X4JMASXCMA91JY0V3O3MDW2IEJB0R","A3KOVCQYR8K3HY","Submitted","Sat Aug 15 20:08:15 PDT 2015","Sat Aug 15 20:19:59 PDT 2015","Wed Aug 19 20:19:59 PDT 2015","","","","704","0% (0/0)","0% (0/0)","0% (0/0)","e90df31-315c-4d81-b0c8-35c8e6d2eed2"
"3OREP8RUT2C4Q3BRJ384ILOY34YGBE","3QO1BWENXSNLIVX61DBXLMX6E9J5ZA","Rate 3 short TED Videos","Give us your opinion about the quality about three short TED videos","survey, video rating","$5.00","Sat Aug 15 19:51:49 PDT 2015","60","BatchId:2058477;","3600","345600","Tue Aug 18 19:51:49 PDT 2015","","","3X87C8JFV6CW6YK1NN4DR8XKZ61QS3","A2AMI7BVALOCJP","Submitted","Sat Aug 15 19:53:54 PDT 2015","Sat Aug 15 20:04:29 PDT 2015","Wed Aug 19 20:04:29 PDT 2015","","","","635","0% (0/0)","0% (0/0)","0% (0/0)","06e14452-299f-4068-b321-65c3941e972e"
"3OREP8RUT2C4Q3BRJ384ILOY34YGBE","3QO1BWENXSNLIVX61DBXLMX6E9J5ZA","Rate 3 short TED Videos","Give us your opinion about the quality about three short TED videos","survey, video rating","$5.00","Sat Aug 15 19:51:49 PDT 2015","60","BatchId:2058477;","3600","345600","Tue Aug 18 19:51:49 PDT 2015","","","3Y54SXRO1LMPDR4XTWT8BEQV4AMUT2","A149ROBL26JWPJ","Submitted","Sat Aug 15 20:01:31 PDT 2015","Sat Aug 15 20:12:50 PDT 2015","Wed Aug 19 20:12:50 PDT 2015","","","","679","0% (0/0)","0% (0/0)","0% (0/0)","3f368363-ec71-4b59-8f33-37a340b361ca"
"3OREP8RUT2C4Q3BRJ384ILOY34YGBE","3QO1BWENXSNLIVX61DBXLMX6E9J5ZA","Rate 3 short TED Videos","Give us your opinion about the quality about three short TED videos","survey, video rating","$5.00","Sat Aug 15 19:51:49 PDT 2015","60","BatchId:2058477;","3600","345600","Tue Aug 18 19:51:49 PDT 2015","","","3YMTUJH0DSHQWTAIEQ2QYAS15XYT4E","A2I8VBHRESMG9S","Submitted","Sat Aug 15 20:31:23 PDT 2015","Sat Aug 15 20:44:02 PDT 2015","Wed Aug 19 20:44:02 PDT 2015","","","","759","0% (0/0)","0% (0/0)","0% (0/0)","5a27efba-68b6-4ec2-8084-a7b2346301e6"
"3OREP8RUT2C4Q3BRJ384ILOY34YGBE","3QO1BWENXSNLIVX61DBXLMX6E9J5ZA","Rate 3 short TED Videos","Give us your opinion about the quality about three short TED videos","survey, video rating","$5.00","Sat Aug 15 19:51:49 PDT 2015","60","BatchId:2058477;","3600","345600","Tue Aug 18 19:51:49 PDT 2015","","","3YOH7BII098QNN3A4DPL695IZ44KVB","A1EGJ0KJG2QFB4","Submitted","Sat Aug 15 20:20:48 PDT 2015","Sat Aug 15 20:32:07 PDT 2015","Wed Aug 19 20:32:07 PDT 2015","","","","679","0% (0/0)","0% (0/0)","0% (0/0)","2eb6426a-5944-479d-856e-3db6d3d1fb95"
"3OREP8RUT2C4Q3BRJ384ILOY34YGBE","3QO1BWENXSNLIVX61DBXLMX6E9J5ZA","Rate 3 short TED Videos","Give us your opinion about the quality about three short TED videos","survey, video rating","$5.00","Sat Aug 15 19:51:49 PDT 2015","60","BatchId:2058477;","3600","345600","Tue Aug 18 19:51:49 PDT 2015","","","3YT88D1N08Z6BE1RK3JFNEDZ8KBK3E","ARQ9DY4UL4WJ4","Submitted","Sat Aug 15 19:55:56 PDT 2015","Sat Aug 15 20:19:47 PDT 2015","Wed Aug 19 20:19:47 PDT 2015","","","","1431","0% (0/0)","0% (0/0)","0% (0/0)","a1f6cc1-0796-4f2e-8ab1-f6e63dc8652b"
"3OREP8RUT2C4Q3BRJ384ILOY34YGBE","3QO1BWENXSNLIVX61DBXLMX6E9J5ZA","Rate 3 short TED Videos","Give us your opinion about the quality about three short TED videos","survey, video rating","$5.00","Sat Aug 15 19:51:49 PDT 2015","60","BatchId:2058477;","3600","345600","Tue Aug 18 19:51:49 PDT 2015","","","3Z4GS9HPNVB0HIVU3LXWWQKT72X770","AS9E0S6DBSWH7","Submitted","Sat Aug 15 19:54:58 PDT 2015","Sat Aug 15 20:35:48 PDT 2015","Wed Aug 19 20:35:48 PDT 2015","","","","2450","0% (0/0)","0% (0/0)","0% (0/0)","45d3dbd4-ac8c-4e66-b139-5c90ae53a9ca"
"3OREP8RUT2C4Q3BRJ384ILOY34YGBE","3QO1BWENXSNLIVX61DBXLMX6E9J5ZA","Rate 3 short TED Videos","Give us your opinion about the quality about three short TED videos","survey, video rating","$5.00","Sat Aug 15 19:51:49 PDT 2015","60","BatchId:2058477;","3600","345600","Tue Aug 18 19:51:49 PDT 2015","","","3Z4XG4ZF48SYWB64V3T04PTCKFJX89","A1CUTEZJIWM0UU","Submitted","Sat Aug 15 20:56:40 PDT 2015","Sat Aug 15 21:07:57 PDT 2015","Wed Aug 19 21:07:57 PDT 2015","","","","677","0% (0/0)","0% (0/0)","0% (0/0)","79ff070c-5930-4f0c-a02e-e2cc0bf9d31e"
"3OREP8RUT2C4Q3BRJ384ILOY34YGBE","3QO1BWENXSNLIVX61DBXLMX6E9J5ZA","Rate 3 short TED Videos","Give us your opinion about the quality about three short TED videos","survey, video rating","$5.00","Sat Aug 15 19:51:49 PDT 2015","60","BatchId:2058477;","3600","345600","Tue Aug 18 19:51:49 PDT 2015","","","3ZPBJO59KP2DRG2G77MUNVJJ7GXDH2","A2UX7ZJEGGU5","Submitted","Sat Aug 15 20:04:32 PDT 2015","Sat Aug 15 20:18:10 PDT 2015","Wed Aug 19 20:18:10 PDT 2015","","","","818","0% (0/0)","0% (0/0)","0% (0/0)","202526cd-7135-43be-be4d-48006e3d0e29"
"3OREP8RUT2C4Q3BRJ384ILOY34YGBE","3QO1BWENXSNLIVX61DBXLMX6E9J5ZA","Rate 3 short TED Videos","Give us your opinion about the quality about three short TED videos","survey, video rating","$5.00","Sat Aug 15 19:51:49 PDT 2015","60","BatchId:2058477;","3600","345600","Tue Aug 18 19:51:49 PDT 2015","","","3ZPPDN2SLVXP4GYX5Q9MGW3GOFP9E0","A3HTLXAPOBCVVO","Submitted","Sat Aug 15 19:58:40 PDT 2015","Sat Aug 15 20:11:47 PDT 2015","Wed Aug 19 20:11:47 PDT 2015","","","","787","0% (0/0)","0% (0/0)","0% (0/0)","b58eccdd-18ef-4c1c-9d9c-a238b348cc99"